index,age,absences_G1,absences_G2,absences_G3,G1,G2,G3
age,1.0,0.15371956318579236,0.12656775941352635,0.1883415099006969,-0.06264586451598832,-0.131703240201481,-0.15023435113253095
absences_G1,0.15371956318579236,1.0,0.6590242300899154,0.8979280633540663,-0.03027239966434567,-0.0378890575845492,0.008630545946808024
absences_G2,0.12656775941352635,0.6590242300899154,1.0,0.5964486900256459,0.018799631556919588,0.02192800118915258,0.040382669598699086
absences_G3,0.1883415099006969,0.8979280633540663,0.5964486900256459,1.0,0.006130240716955095,0.011349013332453804,0.08542364215055598
G1,-0.06264586451598832,-0.03027239966434567,0.018799631556919588,0.006130240716955095,1.0,0.852118066364806,0.8014679320174145
G2,-0.131703240201481,-0.0378890575845492,0.02192800118915258,0.011349013332453804,0.852118066364806,1.0,0.9048679892693002
G3,-0.15023435113253095,0.008630545946808024,0.040382669598699086,0.08542364215055598,0.8014679320174145,0.9048679892693002,1.0
