index,age,absences_G1,absences_G2,absences_G3,G1,G2,G3
count,395.0,395.0,395.0,395.0,395.0,395.0,395.0
mean,16.699738903394255,0.6727748691099477,1.093264248704663,4.1732283464566935,10.90886075949367,10.713924050632912,10.415189873417722
std,1.2609620590812736,1.2785787424347175,1.4484741552029656,4.809721260308398,3.3191946715076686,3.761504659556034,4.5814426109978434
min,15.0,0.0,0.0,0.0,3.0,0.0,0.0
25%,16.0,0.0,0.0,0.0,8.0,9.0,8.0
50%,17.0,0.0,1.0,4.0,11.0,11.0,11.0
75%,18.0,1.0,2.0,6.0,13.0,13.0,14.0
max,22.0,12.0,11.0,36.0,19.0,19.0,20.0
