index,Medu,Fedu,traveltime,studytime,failures,famrel,freetime,goout,Dalc,Walc,health
count,395.0,395.0,395.0,395.0,395.0,395.0,395.0,395.0,395.0,395.0,395.0
mean,2.749367088607595,2.5215189873417723,1.4481012658227848,2.0354430379746837,0.3341772151898734,3.9443037974683546,3.2354430379746835,3.108860759493671,1.481012658227848,2.2911392405063293,3.5544303797468353
std,1.0947351414285373,1.088200545826945,0.6975047549086848,0.839240346418556,0.743650973606249,0.8966586076885056,0.9988620396657205,1.1132781740183413,0.8907414280909659,1.2878965924510926,1.3903033913095781
min,0.0,0.0,1.0,1.0,0.0,1.0,1.0,1.0,1.0,1.0,1.0
25%,2.0,2.0,1.0,1.0,0.0,4.0,3.0,2.0,1.0,1.0,3.0
50%,3.0,2.0,1.0,2.0,0.0,4.0,3.0,3.0,1.0,2.0,4.0
75%,4.0,3.0,2.0,2.0,0.0,5.0,4.0,4.0,2.0,3.0,5.0
max,4.0,4.0,4.0,4.0,3.0,5.0,5.0,5.0,5.0,5.0,5.0
