model,cv_rmse
Poly+Ridge,3.575666888827633
Ridge,4.828889026062198
Lasso,4.8295099543731865
