term,std_coef
sat_fat,0.6905812543231913
fiber,0.2644872996001779
sugar,0.21570874326965897
