sat_fat,fiber,sugar,actual_calories,predicted_calories,abs_error,pct_error
0.5,5,7,140,313,173,123.6
4,8,2,270,449.6,179.60000000000002,66.5
14,16,24,960,1148.8,188.79999999999995,19.7
14,2,9,740,673.9,-66.10000000000002,8.9
1,0,0,110,144.2,34.19999999999999,31.1
