term,estimate,std.error,statistic,p.value
(Intercept),-11.500925802132157,0.25234256217056816,-45.576638769159494,0
AveragePrice,8.33773037960321,0.18207555509400666,45.79269510011045,0
