predictor,None,Employer-Based,Private,Medicare,Medigap,Medicaid,CHIP,Military,Indian Health,State,Other,MeanDecreaseAccuracy,MeanDecreaseGini
INCOME3,48.30473980285909,160.50082464998874,-19.45762238109092,215.88422258995814,0,166.64314743037465,0,0,-1.0010015025043828,-8.066729559482452,-2.619385727749588,241.13800232893504,17186.943477345358
EDUCA,151.71923314762915,17.14388546394321,-23.22418791082198,7.7779777245858694,0,1.132081578348429,0,-2.7375632622302453,0,-1.3301129277550647,4.390141050900426,35.80337789634443,1863.6205672675076
RENTHOM1,139.03643659192684,155.35125878440746,8.048437937699871,75.14089178971452,0,107.09439239476767,0,0,0,-4.808953186008706,4.993847259829832,161.45636072904807,3329.6675930001556
